model,MAE,RMSE,R2,n_train,n_test
RandomForest,3013.062257890535,4526.349273425389,0.9446324173600191,4836,1210
LinearRegression,3376.146825143456,5610.228126922565,0.9149409595998105,4836,1210
